Toremove:,,,,
,,,,
Marina_scopa_NuevoLeon_170,,,,
Marina_chrysorrhiza_8,,,,
Marina_orcuttii_campanea_SierraSanFrancisco_138,,,,
Marina_diffusa_diffusa_174,,,,
Marina_spiciformis_Guerrero.Martinez_125,,,,
Marina_gracillima_GDL_175,,,,
Marina_spiciformis_Yucatan_166,,,,
Marina_minutiflora_Texcoco_143,,,,
Marina_neglecta_neglecta_guanajuanto_207,,,,
Marina_neglecta_aguascalientes_223,,,,
Marina_neglecta_neglecta_Zacatecas_203,,,,
Marina_neglecta_neglecta_Oaxaca_202,,,,
Marina_neglecta_elongata_Guerrero_209,,,,
Marina_neglecta_elongata_Puebla_168,,,,
Marina_sp_Oaxaca_24,,,,
Marina_procumbens_chiapas_233,,,,
Marina_neglecta_SLPotosi_167,,,,
Marina_holwayi_Oaxaca_178,,,,
Marina_procumbens_Aguascalientes_116,,,,
Marina_pueblensis_Guerrero_122,,,,
Marina_spiciformis_Guerrero.iltis_123,,,,
Marina_greenmaniana_oaxaca_230,,,,
Marina_holwayi_Guerrero_Lavin_214,,,,
Marina_holwayi_Guerrero_Ripley_164,,,,
Marina_sp_ser_unifoliolata_Oaxaca_140,,,,
Marina_neglecta_Puebla_117,,,,
Marina_unifolioata_Guerrero_172,,,,
Marina_unifolioata_Michoacan_145,,,,
Marina_unifoliolata_MexicoState_171,,,,
Marina_nutans_Guatemala_179,,,,
Marina_crenulata_oaxaca_211,,,,
Marina_crenulata_oaxaca_218,,,,
Marina_crenulata_stipulacea_Oaxaca_190,,,,
Marina_crenulata_durango_219,,,,
Marina_orcuttii_campanea_SierraSanFrancisco_138,,,,
Marina_spiciformis_Guerrero.Martinez_125,,,,
Marina_minutiflora_Oaxaca_115,,,,
Marina_stilligera_Michoacan_213,,,,
Marina_stillingera_136,,,,
Marina_scopa_Alamos_191,,,,
Marina_scopa_chiapas_163,,,,
Marina_diffusa_diffusa_174,,,,
Marina_scopa_Oaxaca_195,,,,
Marina_vetula_CerroMechudo_153,,,,
Marina_vetula_IslaTiburon_64,,,,
Marina_vetula_SierradeLaLibertad_90,,,,
Marina_diffusa_Yecora_187,,,,
Marina_nutans_Oaxaca_165,,,,
Marina_nutans_mexicostate_199,,,,
Marina_nutans_Durango_196,,,,
Marina_ghiesbreghtii_216,,,,
Marina_nutans_michoacan_204,,,,
Marina_nutans_Oaxaca_197,,,,
Marina_grammadenia_Michoacan_215,,,,
Marina_grammadenia_talpadeallende_221,,,,
Marina_gracillima_GDL_175,,,,
Marina_gracillima_nayarit_222,,,,
Marina_diffusa_diffusa_Colima_177,,,,
Marina_sp_Michoacan_23,,,,
Marina_diffusa_diffusa_PatagoniaMtns_27,,,,
Marina_parryi_makings_30,,,,
Marina_maritima_9palms_13,,,,
Marina_maritima_SanPedrito_59,,,,
Marina_maritima_Santiago_160,,,,
Marina_maritima_SierraCacachila_58,,,,
Marina_divaricata_cabo_151,,,,
Marina_divaricata_CapeMtns_182,,,,
Marina_orcutti_campanea_SierraLaLibertad_41,,,,
Marina_orcuttii_campanea_SierralaLibertad_158,,,,
Marina_orcutti_CerroMatomi_70,,,,
Marina_calycosa_29,,,,
Marina_orcuttii_campanea_sierraGuadalupe_149,,,,
Marina_peninsularis_SLaGiganta_186,,,,
Marina_peninsularis_LaPaz_87,,,,
Marina_capensis_SanPedrito_51,,,,
Marina_palmeri_sonora_183,,,,
Marina_chrysorrhiza_8,,,,
Marina_divaricata_SierraLaLaguna_36,,,,
Marina_divaricata_anthonyi_154,,,,
Marina_divaricata_elConejo_147,,,,
Marina_vetula_Sierra_de_La_Libertad_65,,,,
Marina_vetula_guaymas_194,,,,
Marina_vetula_guaymas_235,,,,
Marina_calycosa_newMexico_200,,,,
Marina_calycosa_Sonora_201,,,,
Marina_peninsularis_GuerreroNegro_67,,,,
Marina_peninsularis_Vizcaino_189,,,,
Marina_evanescens_SierradeLaGiganta4785,,,,
Marina_evanescens_SanBarteo_188,,,,
Marina_interstes_LosCabos_184,,,,
Marina_evanescens_LaPaz_185,,,,
Marina_aff_interstes_48,,,,
Marina_peninsularis_Sonora_206,,,,
Marina_evanescens_Guaymas_157,,,,
Marina_orcuttii_orcuttii_ElCastillo_181,,,,
Marina_divaricata_MagIsland_152,,,,
Marina_evanescens_MagBay_180,,,,
Marina_chrysorrhiza_Migrino_193,,,,
Marina_chrysorrhiza_CaboPulmo_155,,,,
Marina_parryi_IslaSanJose_54,,,,
Marina_parryi_Constitucion_53,,,,
Marina_parryi_IslaCarmen_55,,,,
Marina_parryi_SierradeLaLibertad_88,,,,
Marina_parryi_SierradeSanBorja_89,,,,
Marina_victoriae_SierradeLaVictoria_74,,,,
Marina_sp_SanJuanico_72,,,,
Marina_goldmanii_chihuahua_205,,,,
Marina_parryi_lakemojave_229,,,,
Marina_parryi_TucsonMtns_97,,,,
Marina_divaricata_sanBartolo_192,,,,
Marina_aff_capensis_LaPaz_144,,,,
Marina_capensis_SierralaLaguna_146,,,,
Dalea_filiciformis_Puebla_173,,,,
Dalea_filiciformis_31,,,,
Dalea_filiciformis_sanLuisPotosi_176,,,,
Marina_spiciformis_Yucatan_166,,,,
Marina_scopa_NuevoLeon_170,,,,
Dalea_albiflora_228,,,,
Marina_minutiflora_Texcoco_143,,,,
,,,,
,,,,
,,,,
,,,,
,,,,
,,,,
,,,,
,,,,
,,,,
,,,,
,,,,
,,,,
,,,,
,,,,
,,,,
,,,,
,,,,
,,,,
,,,,
,,,,
,,,,
,,,,
,,,,
,,,,
,,,,
,,,,
,,,,
,,,,
,,,,
,,,,
,,,,
,,,,
,,,,
,,,,
,,,,
,,,,
,,,,
,,,,
,,,,
,,,,
,,,,
,,,,
,,,,
,,,,
,,,,
,,,,
,,,,
,,,,
,,,,
,,,,
,,,,
,,,,
,,,,
,,,,
,,,,